Year,Percentage of Correct Keypoints (PCK)
2014,0.82
2015,0.8240000000000001
2016,0.909
2017,0.92
2018,0.9229999999999999
2019,0.9390000000000001
2020,0.941
2021,
2022,0.943
