Year,Mean Average Precision (mAP50)
2015,0.557
2016,
2017,0.6729999999999999
2018,0.679
2019,0.7190000000000001
2020,0.742
2021,0.795
2022,0.8190000000000001
