Year,Median FLOP/s per U.S. Dollar
2003,6301598.615538848
2004,14008967.72496124
2006,55198994.3639399
2007,339361165.23954713
2008,959027842.2424027
2009,2598508492.6640024
2010,3616900445.9002857
2011,3482018807.011512
2012,5513469045.330747
2013,7465564593.056213
2014,7546584613.146015
2015,10948939002.121893
2016,13985027710.34116
2017,13213658321.290573
2018,11358178235.429998
2019,5597425671.161892
2020,26479531485.0328
2021,25016452995.71504
2022,35863219349.45788
