Year,Equal Error Rate (EER)
2017,0.078
2018,0.04190000000000001
2019,0.0287
2020,0.005600000000000001
2021,0.0042
2022,0.0014000000000000002
