Relative AI Hiring Index,Country
0.988394536,Singapore
0.989170026,Switzerland
0.993046344,Canada
1.01155182,Sweden
1.018388268,South Korea
1.025994797,Netherlands
1.054299111,Belgium
1.06026118,Denmark
1.061298978,New Zealand
1.127127217,South Africa
1.153037385,United Arab Emirates
1.175675471,United Kingdom
1.18253839,Italy
1.186569418,Spain
1.368638583,Hong Kong
